SEASON,PLAYER_NAME,TEAM_ABBREVIATION,PLAYER_ID,TEAM_ID,GP,MIN,PTS,REB,AST,STL,BLK,OFF_RATING,DEF_RATING,TS_PCT,USG_PCT,PIE,WS,PER,ALL_NBA,ALL_NBA_TM
2023-24,A.J. Lawson,DAL,1630639,1610612742,38,259.73,120,37,15,10,3,111.0,106.6,0.549,0.177,0.078,0.98,15.34,0,0
2023-24,AJ Green,MIL,1631260,1610612749,54,580.05,244,63,30,8,4,113.4,111.3,0.618,0.153,0.07,0.46,14.12,0,0
2023-24,AJ Griffin,ATL,1631100,1610612737,18,132.48,37,14,4,1,1,109.7,119.5,0.403,0.156,0.018,-0.98,8.59,0,0
2023-24,Aaron Gordon,DEN,203932,1610612743,70,2213.83,980,457,241,54,44,119.3,111.1,0.604,0.176,0.102,8.59,16.5,0,0
2023-24,Aaron Holiday,HOU,1628988,1610612745,75,1215.29,481,117,135,41,6,110.1,107.7,0.577,0.155,0.078,3.43,14.2,0,0
2023-24,Aaron Nesmith,IND,1630174,1610612754,69,1915.59,846,262,105,62,49,118.9,115.1,0.629,0.16,0.071,-1.83,14.41,0,0
2023-24,Aaron Wiggins,OKC,1630598,1610612760,74,1150.05,495,171,78,51,18,115.4,112.2,0.66,0.162,0.091,2.24,15.04,0,0
2023-24,Al Horford,BOS,201143,1610612738,64,1724.27,556,411,167,37,60,121.1,109.0,0.648,0.119,0.106,7.27,15.84,0,0
2023-24,Alec Burks,NYK,202692,1610612752,65,1200.08,684,149,84,27,12,107.5,118.2,0.536,0.234,0.087,-4.73,19.1,0,0
2023-24,Aleksej Pokusevski,CHA,1630197,1610612766,24,329.78,116,69,29,13,10,104.5,115.5,0.525,0.167,0.092,-0.29,15.19,0,0
2023-24,Alex Caruso,CHI,1627936,1610612741,68,1929.05,683,259,223,111,68,110.4,110.2,0.609,0.147,0.088,4.32,15.01,0,0
2023-24,Alex Len,SAC,203458,1610612758,44,404.52,114,121,43,11,31,117.4,100.9,0.625,0.117,0.098,4.21,13.19,0,0
2023-24,Alperen Sengun,HOU,1630578,1610612745,63,2045.64,1331,589,312,76,46,113.9,113.2,0.585,0.27,0.149,7.19,22.79,0,0
2023-24,Amen Thompson,HOU,1641708,1610612745,58,1240.29,529,365,139,71,34,110.5,109.2,0.566,0.175,0.118,6.36,17.62,0,0
2023-24,Amir Coffey,LAC,1629599,1610612746,66,1322.11,405,130,70,37,11,116.0,118.1,0.627,0.112,0.058,-3.71,11.51,0,0
2023-24,Andre Drummond,CHI,203083,1610612741,78,1346.68,659,706,37,72,48,114.1,113.3,0.574,0.201,0.154,7.9,21.11,0,0
2023-24,Andre Jackson Jr.,MIL,1641748,1610612749,53,542.16,120,107,49,14,6,113.7,118.7,0.601,0.095,0.045,-0.36,9.2,0,0
2023-24,Andrew Nembhard,IND,1629614,1610612754,65,1611.61,598,135,262,62,5,115.2,113.9,0.57,0.163,0.075,-0.15,13.12,0,0
2023-24,Andrew Wiggins,GSW,203952,1610612744,67,1808.0,870,304,115,39,36,115.2,116.2,0.54,0.203,0.077,-3.15,15.34,0,0
2023-24,Anfernee Simons,POR,1629014,1610612757,46,1581.74,1039,167,255,23,5,109.9,120.5,0.568,0.276,0.111,-6.92,20.92,0,0
2023-24,Anthony Black,ORL,1641710,1610612753,66,1135.14,306,138,90,35,21,108.1,108.9,0.552,0.123,0.054,2.1,10.26,0,0
2023-24,Anthony Davis,LAL,203076,1610612747,74,2624.84,1810,936,258,88,176,116.3,114.0,0.619,0.259,0.168,9.65,24.83,0,0
2023-24,Anthony Edwards,MIN,1630162,1610612750,75,2635.52,1946,412,386,98,41,115.7,107.5,0.572,0.314,0.145,10.27,23.95,0,0
2023-24,Anthony Gill,WAS,1630264,1610612764,47,396.6,158,80,27,12,8,112.8,108.2,0.539,0.176,0.072,1.55,12.84,0,0
2023-24,Armoni Brooks,BKN,1629717,1610612751,10,104.02,42,18,5,1,1,127.7,114.0,0.448,0.188,0.054,-0.15,14.08,0,0
2023-24,Ashton Hagans,POR,1630204,1610612757,18,302.02,75,43,50,10,9,105.4,106.9,0.503,0.145,0.064,0.97,9.81,0,0
2023-24,Ausar Thompson,DET,1641709,1610612765,63,1582.8,556,402,120,68,59,107.7,113.1,0.522,0.161,0.084,1.52,13.98,0,0
2023-24,Austin Reaves,LAL,1630559,1610612747,79,2540.29,1245,344,441,65,22,114.4,115.4,0.609,0.198,0.106,1.33,17.53,0,0
2023-24,Ayo Dosunmu,CHI,1630245,1610612741,76,2212.47,924,216,242,68,36,111.6,114.9,0.604,0.168,0.083,-1.26,14.86,0,0
2023-24,Bam Adebayo,MIA,1628389,1610612748,67,2294.22,1313,715,266,75,64,110.1,109.4,0.574,0.25,0.154,9.82,21.62,0,0
2023-24,Ben Sheppard,IND,1641767,1610612754,54,747.03,231,80,48,30,2,117.1,113.5,0.526,0.125,0.046,-0.83,11.61,0,0
2023-24,Ben Simmons,BKN,1627732,1610612751,15,358.92,92,119,86,12,9,109.6,113.0,0.571,0.126,0.119,1.43,16.3,0,0
2023-24,Bennedict Mathurin,IND,1631097,1610612754,59,1538.39,856,234,119,35,14,115.0,117.9,0.562,0.226,0.087,-4.42,16.65,0,0
2023-24,Bilal Coulibaly,WAS,1641731,1610612764,63,1715.25,532,256,110,57,48,107.4,118.4,0.543,0.139,0.057,-6.39,11.11,0,0
2023-24,Bismack Biyombo,OKC,202687,1610612760,38,761.33,162,197,53,11,35,110.4,114.9,0.555,0.105,0.062,0.52,9.75,0,0
2023-24,Blake Wesley,SAS,1631104,1610612759,57,778.82,229,82,153,26,9,104.2,112.9,0.528,0.141,0.069,0.42,11.81,0,0
2023-24,Bobby Portis,MIL,1626171,1610612749,78,1903.38,1064,570,95,60,31,116.2,116.2,0.575,0.223,0.119,-1.05,19.67,0,0
2023-24,Bogdan Bogdanovic,ATL,203992,1610612737,75,2278.57,1268,264,234,92,25,117.0,114.0,0.569,0.217,0.092,-1.64,18.53,0,0
2023-24,Bojan Bogdanovic,NYK,202711,1610612752,53,1407.87,829,146,94,28,5,109.5,121.0,0.583,0.243,0.083,-8.4,17.79,0,0
2023-24,Bol Bol,PHX,1629626,1610612756,40,452.98,217,133,17,9,25,110.4,108.5,0.703,0.155,0.134,2.15,18.56,0,0
2023-24,Bones Hyland,LAC,1630538,1610612746,34,449.88,192,37,76,20,3,107.5,111.2,0.471,0.232,0.064,-0.54,14.82,0,0
2023-24,Bradley Beal,PHX,203078,1610612756,49,1622.06,863,205,249,47,20,116.2,113.7,0.596,0.223,0.102,0.64,17.76,0,0
2023-24,Brandin Podziemski,GSW,1641764,1610612744,70,1870.31,648,405,264,59,13,117.6,111.5,0.535,0.15,0.093,4.42,15.16,0,0
2023-24,Brandon Boston Jr.,LAC,1630527,1610612746,28,249.2,119,34,7,4,7,103.9,122.0,0.496,0.222,0.046,-1.59,13.64,0,0
2023-24,Brandon Clarke,MEM,1629634,1610612763,5,107.32,54,31,9,4,5,105.3,104.9,0.539,0.19,0.134,0.81,19.1,0,0
2023-24,Brandon Ingram,NOP,1627742,1610612740,63,2079.29,1319,319,363,50,40,116.9,112.2,0.577,0.27,0.127,3.18,21.29,0,0
2023-24,Brandon Miller,CHA,1641706,1610612766,71,2301.03,1222,304,169,63,42,108.8,118.5,0.548,0.234,0.083,-9.47,17.03,0,0
2023-24,Brice Sensabaugh,UTA,1641729,1610612762,28,489.78,191,85,49,11,4,109.5,124.4,0.51,0.195,0.062,-4.06,12.96,0,0
2023-24,Brook Lopez,MIL,201572,1610612749,75,2300.74,936,394,122,42,181,117.4,111.9,0.608,0.154,0.083,3.4,14.44,0,0
2023-24,Bruce Brown,TOR,1628971,1610612761,64,1795.68,690,277,183,59,17,115.8,120.6,0.558,0.16,0.075,-7.7,14.3,0,0
2023-24,Bruno Fernando,ATL,1628981,1610612737,41,592.74,239,176,43,25,28,108.4,112.5,0.604,0.172,0.1,1.66,15.19,0,0
2023-24,Bryce McGowens,CHA,1631121,1610612766,55,819.81,269,96,46,20,8,104.0,115.8,0.565,0.141,0.057,-1.76,11.74,0,0
2023-24,Buddy Hield,PHI,1627741,1610612755,81,2098.44,970,253,231,69,42,116.7,116.4,0.576,0.185,0.082,-3.79,16.51,0,0
2023-24,CJ McCollum,NOP,203468,1610612740,62,2013.15,1209,268,283,58,39,115.8,111.6,0.584,0.243,0.116,2.48,20.84,0,0
2023-24,Cade Cunningham,DET,1630595,1610612765,62,2074.22,1405,268,464,56,22,109.9,117.8,0.546,0.298,0.126,-4.45,21.73,0,0
2023-24,Caleb Houstan,ORL,1631216,1610612753,56,791.0,248,82,28,13,3,109.7,111.0,0.589,0.122,0.051,0.89,10.84,0,0
2023-24,Caleb Martin,MIA,1628997,1610612748,60,1637.52,611,266,129,42,25,112.7,110.7,0.542,0.169,0.077,2.03,13.83,0,0
2023-24,Cam Reddish,LAL,1629629,1610612747,47,974.5,260,99,47,47,14,109.8,112.4,0.508,0.123,0.045,-0.55,10.11,0,0
2023-24,Cam Thomas,BKN,1630560,1610612751,63,1974.64,1400,206,184,45,15,111.5,116.5,0.551,0.294,0.104,-6.09,21.44,0,0
2023-24,Cam Whitmore,HOU,1641715,1610612745,43,786.5,527,165,20,28,14,109.3,112.2,0.564,0.259,0.112,-0.05,20.83,0,0
2023-24,Cameron Johnson,BKN,1629661,1610612751,57,1572.27,763,248,137,48,15,111.4,115.0,0.58,0.19,0.097,-1.22,17.66,0,0
2023-24,Cameron Payne,PHI,1626166,1610612755,75,1246.29,560,110,195,38,11,112.4,114.0,0.564,0.189,0.082,-0.53,16.08,0,0
2023-24,Caris LeVert,CLE,1627747,1610612739,66,1903.84,918,272,339,73,34,113.7,111.5,0.522,0.224,0.106,1.96,18.5,0,0
2023-24,Cason Wallace,OKC,1641717,1610612760,78,1614.34,540,178,112,70,34,113.9,112.0,0.617,0.128,0.07,1.74,12.63,0,0
2023-24,Cedi Osman,SAS,1626224,1610612759,72,1268.75,489,180,119,36,11,106.0,119.2,0.601,0.146,0.077,-4.88,13.98,0,0
2023-24,Charles Bassey,SAS,1629646,1610612759,19,205.28,63,76,21,8,17,105.1,116.7,0.739,0.11,0.116,0.34,15.01,0,0
2023-24,Chet Holmgren,OKC,1631096,1610612760,78,2327.53,1298,615,193,49,184,118.0,109.6,0.63,0.21,0.131,8.84,20.27,0,0
2023-24,Chimezie Metu,DET,1629002,1610612765,47,723.87,283,163,39,39,16,106.3,112.1,0.614,0.163,0.102,0.72,15.19,0,0
2023-24,Chris Boucher,TOR,1628449,1610612761,50,704.88,322,207,23,14,24,116.0,113.6,0.625,0.167,0.106,1.45,16.61,0,0
2023-24,Chris Duarte,SAC,1630537,1610612758,57,706.97,230,105,43,28,8,111.2,113.6,0.524,0.145,0.054,-0.59,12.15,0,0
2023-24,Chris Paul,GSW,101108,1610612744,54,1423.49,499,208,368,67,5,113.6,110.9,0.552,0.152,0.119,4.07,17.57,0,0
2023-24,Christian Braun,DEN,1631128,1610612743,78,1552.28,551,286,118,37,32,109.5,109.8,0.547,0.15,0.08,3.42,13.93,0,0
2023-24,Christian Wood,LAL,1626174,1610612747,50,871.94,347,254,49,16,33,109.9,109.9,0.568,0.173,0.101,1.48,15.35,0,0
2023-24,Chuma Okeke,ORL,1629643,1610612753,44,422.21,105,78,19,9,7,99.8,107.7,0.464,0.131,0.065,0.79,10.86,0,0
2023-24,Clint Capela,ATL,203991,1610612737,70,1799.6,802,748,86,41,105,115.6,116.0,0.589,0.167,0.121,7.61,18.02,0,0
2023-24,Coby White,CHI,1629632,1610612741,75,2732.11,1421,346,386,49,17,114.5,115.5,0.57,0.223,0.099,-2.16,18.35,0,0
2023-24,Cody Martin,CHA,1628998,1610612766,28,752.99,211,109,104,32,18,106.4,116.9,0.46,0.157,0.066,-2.39,12.63,0,0
2023-24,Cody Zeller,NOP,203469,1610612740,40,304.45,74,109,36,9,5,115.1,106.8,0.482,0.118,0.078,2.69,12.96,0,0
2023-24,Colby Jones,SAC,1641732,1610612758,27,175.78,54,38,18,7,4,106.8,101.1,0.391,0.175,0.05,1.21,11.92,0,0
2023-24,Cole Anthony,ORL,1630175,1610612753,77,1743.81,892,302,226,61,36,112.2,109.7,0.542,0.231,0.108,3.54,18.09,0,0
2023-24,Collin Gillespie,DEN,1631221,1610612743,24,225.36,87,21,27,13,0,111.7,109.2,0.586,0.166,0.071,0.25,14.33,0,0
2023-24,Collin Sexton,UTA,1629012,1610612762,78,2074.76,1458,205,383,62,18,117.0,120.4,0.607,0.267,0.12,-3.64,21.66,0,0
2023-24,Corey Kispert,WAS,1630557,1610612764,77,1958.29,1014,212,138,41,15,108.0,118.8,0.619,0.191,0.083,-7.7,15.72,0,0
2023-24,Cory Joseph,GSW,202709,1610612744,26,295.89,63,30,42,4,3,114.2,117.2,0.47,0.108,0.042,-0.79,9.2,0,0
2023-24,Craig Porter Jr.,CLE,1641854,1610612739,49,638.02,283,106,116,20,14,111.7,113.8,0.565,0.203,0.113,0.38,17.23,0,0
2023-24,D'Angelo Russell,LAL,1626156,1610612747,73,2374.59,1332,230,461,67,34,116.1,113.6,0.59,0.226,0.104,2.76,19.18,0,0
2023-24,Dalano Banton,POR,1630625,1610612757,51,938.19,500,162,114,29,17,106.2,115.5,0.518,0.244,0.101,-1.85,18.28,0,0
2023-24,Dalen Terry,CHI,1631207,1610612741,55,593.51,141,97,71,24,13,113.4,110.5,0.486,0.122,0.059,0.95,11.38,0,0
2023-24,Damian Jones,CLE,1627745,1610612739,37,256.15,102,62,15,7,13,96.3,111.9,0.66,0.15,0.118,0.82,15.03,0,0
2023-24,Damian Lillard,MIL,203081,1610612749,70,2478.05,1718,307,492,70,17,119.6,112.7,0.592,0.274,0.133,6.98,23.39,0,0
2023-24,Daniel Gafford,DAL,1629655,1610612742,71,1751.94,770,548,110,63,147,113.5,116.0,0.722,0.144,0.119,5.55,17.89,0,0
2023-24,Daniel Theis,LAC,1628464,1610612746,57,949.69,344,223,59,19,47,116.8,114.1,0.593,0.148,0.08,1.71,13.85,0,0
2023-24,Danilo Gallinari,MIL,201568,1610612749,48,610.06,269,104,55,13,6,110.3,118.1,0.603,0.167,0.092,-0.83,16.11,0,0
2023-24,Dante Exum,DAL,203957,1610612742,52,1038.27,423,140,150,22,5,120.8,111.5,0.653,0.152,0.095,2.51,15.49,0,0
2023-24,Danuel House Jr.,PHI,1627863,1610612755,34,509.06,144,58,28,15,5,109.9,107.7,0.575,0.116,0.053,1.48,10.27,0,0
2023-24,Dario Saric,GSW,203967,1610612744,62,1079.52,503,277,142,30,9,113.5,115.2,0.599,0.189,0.111,0.7,17.48,0,0
2023-24,Darius Garland,CLE,1629636,1610612739,55,1841.12,996,144,360,74,6,113.4,111.9,0.558,0.25,0.104,1.46,18.17,0,0
2023-24,David Roddy,PHX,1631223,1610612756,63,1172.0,425,210,79,27,11,104.2,113.6,0.485,0.178,0.068,-1.51,13.03,0,0
2023-24,Davion Mitchell,SAC,1630558,1610612758,68,1010.66,345,88,121,17,3,108.9,113.1,0.567,0.144,0.064,-0.13,12.05,0,0
2023-24,Davis Bertans,CHA,202722,1610612766,40,610.07,262,56,34,25,10,106.7,114.1,0.587,0.166,0.071,-0.67,15.23,0,0
2023-24,Day'Ron Sharpe,BKN,1630549,1610612751,60,909.44,409,381,84,24,42,112.6,108.1,0.598,0.184,0.131,7.73,18.06,0,0
2023-24,De'Aaron Fox,SAC,1628368,1610612758,70,2508.81,1853,320,395,139,30,116.6,112.4,0.564,0.3,0.127,3.47,23.81,0,0
2023-24,De'Andre Hunter,ATL,1629631,1610612737,54,1582.74,847,207,82,38,15,117.1,117.9,0.604,0.203,0.081,-5.56,16.38,0,0
2023-24,De'Anthony Melton,PHI,1629001,1610612755,36,1002.16,413,137,110,56,16,121.9,111.9,0.54,0.176,0.079,0.61,16.57,0,0
2023-24,DeAndre Jordan,DEN,201599,1610612743,36,395.72,142,157,26,6,16,105.2,115.9,0.61,0.147,0.11,1.11,15.39,0,0
2023-24,DeJon Jarreau,MEM,1630610,1610612763,9,149.55,43,44,26,6,2,102.9,107.5,0.392,0.171,0.09,0.36,14.79,0,0
2023-24,DeMar DeRozan,CHI,201942,1610612741,76,2866.07,1794,326,403,83,44,113.2,114.4,0.581,0.25,0.127,2.99,21.8,0,0
2023-24,Dean Wade,CLE,1629731,1610612739,54,1108.08,291,218,43,40,25,111.9,103.5,0.598,0.101,0.073,5.8,12.67,0,0
2023-24,Deandre Ayton,POR,1629028,1610612757,52,1691.38,859,583,87,51,41,107.2,115.3,0.591,0.207,0.14,1.28,19.48,0,0
2023-24,Dejounte Murray,ATL,1627749,1610612737,75,2673.06,1680,395,482,106,24,117.1,119.5,0.556,0.258,0.122,-6.62,21.66,0,0
2023-24,Delon Wright,MIA,1626153,1610612748,44,673.57,185,79,108,48,10,109.4,110.9,0.482,0.129,0.089,1.38,15.29,0,0
2023-24,Deni Avdija,WAS,1630166,1610612764,72,2153.31,1054,519,271,59,34,109.2,115.9,0.6,0.195,0.111,-1.45,17.58,0,0
2023-24,Dennis Schroder,BKN,203471,1610612751,79,2449.78,1101,235,479,61,17,112.5,115.5,0.55,0.201,0.094,-0.88,16.73,0,0
2023-24,Dennis Smith Jr.,BKN,1628372,1610612751,56,1058.66,369,164,203,68,12,109.9,109.9,0.508,0.174,0.092,2.98,15.44,0,0
2023-24,Dereck Lively II,DAL,1641726,1610612742,55,1294.28,483,378,60,36,77,120.6,115.6,0.728,0.124,0.102,3.2,15.17,0,0
2023-24,Derrick Jones Jr.,DAL,1627884,1610612742,73,1718.71,633,244,69,51,48,113.9,112.7,0.596,0.145,0.069,1.01,12.67,0,0
2023-24,Derrick Rose,MEM,201565,1610612763,24,399.34,191,45,78,8,2,103.9,107.7,0.54,0.222,0.108,1.08,16.91,0,0
2023-24,Derrick White,BOS,1628401,1610612738,71,2321.04,1096,304,372,71,86,123.2,109.5,0.615,0.185,0.108,9.26,18.52,0,0
2023-24,Desmond Bane,MEM,1630217,1610612763,42,1442.85,997,185,230,43,22,108.2,115.4,0.589,0.273,0.128,-1.24,22.05,0,0
2023-24,Devin Booker,PHX,1626164,1610612756,64,2290.88,1748,296,450,57,27,119.8,114.0,0.612,0.293,0.144,6.0,24.75,0,0
2023-24,Devin Vassell,SAS,1630170,1610612759,68,2247.74,1323,261,277,73,23,108.5,114.6,0.578,0.229,0.112,-2.83,19.31,0,0
2023-24,Devonte' Graham,SAS,1628984,1610612759,19,220.94,86,28,37,9,1,111.5,106.6,0.523,0.169,0.093,0.76,15.93,0,0
2023-24,Dillon Brooks,HOU,1628415,1610612745,69,2135.91,883,232,115,62,9,113.3,113.6,0.553,0.176,0.058,-3.0,13.31,0,0
2023-24,Domantas Sabonis,SAC,1627734,1610612758,78,2789.8,1524,1074,646,69,48,116.0,115.3,0.638,0.22,0.171,15.74,22.6,0,0
2023-24,Dominick Barlow,SAS,1631230,1610612759,33,419.54,144,113,36,12,14,113.3,117.8,0.548,0.139,0.084,0.33,14.17,0,0
2023-24,Donovan Mitchell,CLE,1628378,1610612739,53,1871.47,1401,272,320,94,29,115.6,108.5,0.594,0.3,0.15,7.16,25.27,0,0
2023-24,Donte DiVincenzo,NYK,1628978,1610612752,77,2185.29,1182,276,201,101,35,117.6,113.8,0.597,0.211,0.099,-0.69,19.3,0,0
2023-24,Dorian Finney-Smith,BKN,1627827,1610612751,68,1934.59,580,317,107,56,38,111.0,113.2,0.546,0.132,0.062,0.53,11.87,0,0
2023-24,Doug McDermott,IND,203926,1610612754,61,869.63,333,58,68,14,2,110.6,121.0,0.598,0.143,0.053,-4.53,12.13,0,0
2023-24,Draymond Green,GSW,203110,1610612744,53,1422.05,460,380,311,54,45,115.4,110.5,0.58,0.151,0.108,4.84,15.92,0,0
2023-24,Drew Eubanks,PHX,1629234,1610612756,72,1130.23,371,310,61,26,61,109.0,112.3,0.656,0.129,0.1,3.36,13.59,0,0
2023-24,Dru Smith,MIA,1630696,1610612748,9,130.9,39,14,14,9,3,97.4,112.5,0.576,0.128,0.083,0.2,12.78,0,0
2023-24,Duncan Robinson,MIA,1629130,1610612748,68,1905.45,875,173,192,46,16,111.5,111.0,0.612,0.184,0.082,1.13,15.51,0,0
2023-24,Duop Reath,POR,1641871,1610612757,64,1144.43,573,230,66,30,34,110.1,117.0,0.575,0.2,0.085,-1.21,16.42,0,0
2023-24,Dwight Powell,DAL,203939,1610612742,61,788.32,202,196,79,25,19,116.4,113.4,0.721,0.089,0.079,4.03,11.79,0,0
2023-24,Dyson Daniels,NOP,1630700,1610612740,57,1261.29,332,216,150,81,22,115.4,111.5,0.529,0.124,0.079,2.15,13.26,0,0
2023-24,Emoni Bates,CLE,1641734,1610612739,13,101.56,34,11,7,1,2,95.2,122.6,0.439,0.181,0.045,-0.8,12.12,0,0
2023-24,Eric Gordon,PHX,201569,1610612756,65,1822.99,725,122,136,60,28,116.1,112.4,0.583,0.162,0.07,-1.43,13.53,0,0
2023-24,Eugene Omoruyi,WAS,1630647,1610612764,40,345.75,167,81,30,26,4,97.6,112.3,0.52,0.202,0.085,0.74,16.63,0,0
2023-24,Evan Fournier,DET,203095,1610612765,28,481.62,175,49,42,27,4,97.8,108.6,0.452,0.183,0.057,-0.05,13.73,0,0
2023-24,Evan Mobley,CLE,1630596,1610612739,47,1446.25,747,445,152,42,67,110.6,110.1,0.627,0.201,0.141,6.06,20.27,0,0
2023-24,Franz Wagner,ORL,1630532,1610612753,70,2269.45,1372,370,263,72,27,112.3,108.3,0.575,0.25,0.13,7.71,20.54,0,0
2023-24,Fred VanVleet,HOU,1627832,1610612745,71,2606.68,1191,263,576,98,57,114.1,111.6,0.562,0.19,0.115,7.45,18.68,0,0
2023-24,Furkan Korkmaz,PHI,1627788,1610612755,35,299.93,88,30,25,14,3,116.5,110.2,0.519,0.126,0.061,0.18,12.27,0,0
2023-24,GG Jackson,MEM,1641713,1610612763,44,1085.42,591,177,53,21,21,103.7,110.6,0.562,0.228,0.095,0.74,17.08,0,0
2023-24,Gabe Vincent,LAL,1629216,1610612747,8,170.13,29,7,18,7,0,105.2,102.7,0.364,0.108,0.019,0.72,6.95,0,0
2023-24,Garrett Temple,TOR,202066,1610612761,24,220.5,71,34,17,10,3,98.7,113.4,0.529,0.144,0.061,-0.01,12.09,0,0
2023-24,Garrison Mathews,ATL,1629726,1610612737,62,896.26,298,85,33,17,7,111.3,116.3,0.699,0.107,0.049,-1.63,10.89,0,0
2023-24,Gary Harris,ORL,203914,1610612753,51,1206.6,360,86,83,46,13,114.0,110.1,0.596,0.117,0.06,1.71,11.26,0,0
2023-24,Gary Payton II,GSW,1627780,1610612744,43,666.27,231,112,47,39,17,114.6,108.8,0.62,0.127,0.078,2.6,13.16,0,0
2023-24,Gary Trent Jr.,TOR,1629018,1610612761,68,1907.7,933,180,113,73,10,113.8,117.8,0.555,0.193,0.078,-8.0,16.48,0,0
2023-24,Georges Niang,CLE,1627777,1610612739,79,1763.99,739,270,96,28,17,113.9,114.2,0.581,0.174,0.069,-3.83,14.29,0,0
2023-24,Giannis Antetokounmpo,MIL,203507,1610612749,72,2538.64,2207,833,469,86,77,119.8,113.4,0.649,0.321,0.197,15.82,28.96,0,0
2023-24,Goga Bitadze,ORL,1629048,1610612753,58,934.07,304,278,78,30,71,112.5,109.9,0.636,0.127,0.115,5.6,15.0,0,0
2023-24,Gordon Hayward,OKC,202330,1610612760,48,1178.05,466,170,154,37,13,111.4,120.1,0.538,0.176,0.085,-3.96,14.98,0,0
2023-24,Gradey Dick,TOR,1641711,1610612761,57,1174.4,464,125,67,32,2,105.0,119.1,0.545,0.165,0.059,-5.65,12.81,0,0
2023-24,Grant Williams,CHA,1629684,1610612766,74,2070.86,756,309,165,43,39,110.4,116.0,0.585,0.156,0.065,-2.78,12.76,0,0
2023-24,Grayson Allen,PHX,1628960,1610612756,71,2387.59,960,276,219,64,45,119.3,114.6,0.684,0.142,0.086,-0.13,14.85,0,0
2023-24,Gui Santos,GSW,1630611,1610612744,21,166.29,67,44,12,3,2,111.0,111.6,0.662,0.136,0.097,0.7,15.35,0,0
2023-24,Harrison Barnes,SAC,203084,1610612758,78,2249.6,939,227,89,49,11,113.6,115.9,0.612,0.153,0.071,-4.15,13.64,0,0
2023-24,Haywood Highsmith,MIA,1629312,1610612748,62,1255.69,376,189,65,52,29,110.1,109.5,0.587,0.121,0.068,3.14,12.39,0,0
2023-24,Herbert Jones,NOP,1630529,1610612740,72,2183.77,794,253,186,100,61,116.2,110.9,0.641,0.141,0.077,4.49,13.57,0,0
2023-24,Ibou Badji,POR,1630641,1610612757,21,215.6,32,51,13,2,20,95.3,113.3,0.633,0.078,0.036,0.35,6.21,0,0
2023-24,Immanuel Quickley,TOR,1630193,1610612761,66,1921.34,1109,248,317,49,9,113.4,114.1,0.577,0.23,0.118,-0.34,20.29,0,0
2023-24,Isaac Okoro,CLE,1630171,1610612739,66,1806.31,622,199,126,55,33,112.7,110.8,0.598,0.137,0.067,3.07,12.3,0,0
2023-24,Isaiah Hartenstein,NYK,1628392,1610612752,72,1804.02,552,596,172,83,78,120.1,110.3,0.673,0.114,0.113,12.01,16.02,0,0
2023-24,Isaiah Jackson,IND,1630543,1610612754,59,753.02,379,231,48,34,59,114.1,111.5,0.689,0.168,0.122,4.22,17.84,0,0
2023-24,Isaiah Joe,OKC,1630198,1610612760,74,1388.27,616,169,94,43,20,116.7,108.6,0.629,0.157,0.09,3.62,15.75,0,0
2023-24,Isaiah Livers,DET,1630587,1610612765,23,469.4,114,48,25,13,5,106.1,125.4,0.46,0.122,0.026,-3.84,8.49,0,0
2023-24,Isaiah Stewart,DET,1630191,1610612765,46,1422.82,503,305,73,17,38,110.3,114.5,0.6,0.143,0.081,-0.65,13.08,0,0
2023-24,Ish Smith,CHA,202397,1610612766,43,740.85,139,76,145,17,4,101.7,119.2,0.435,0.119,0.057,-2.95,9.66,0,0
2023-24,Ivica Zubac,LAC,1627826,1610612746,66,1756.2,767,611,91,22,80,117.1,113.0,0.67,0.163,0.123,7.38,17.73,0,0
2023-24,JT Thor,CHA,1630550,1610612766,59,699.51,162,126,24,9,24,105.9,110.6,0.479,0.11,0.05,0.91,9.76,0,0
2023-24,Ja Morant,MEM,1629630,1610612763,9,317.92,226,50,73,7,5,111.0,111.1,0.57,0.296,0.157,0.7,24.19,0,0
2023-24,JaVale McGee,SAC,201580,1610612758,45,331.5,176,119,15,14,20,108.4,110.3,0.611,0.207,0.123,1.27,17.95,0,0
2023-24,Jabari Smith Jr.,HOU,1631095,1610612745,72,2292.59,991,593,107,52,55,111.9,113.9,0.573,0.174,0.1,0.36,16.43,0,0
2023-24,Jabari Walker,POR,1631133,1610612757,69,1621.61,608,477,70,41,22,107.5,116.5,0.545,0.159,0.092,-0.88,14.96,0,0
2023-24,Jacob Gilyard,BKN,1631367,1610612751,39,668.66,173,43,133,28,5,106.3,117.8,0.589,0.113,0.079,-1.15,12.64,0,0
2023-24,Jaden Hardy,DAL,1630702,1610612742,69,916.65,493,117,101,18,4,109.4,114.9,0.52,0.234,0.082,-1.99,17.22,0,0
2023-24,Jaden Ivey,DET,1631093,1610612765,73,2100.53,1124,255,279,54,40,110.5,118.1,0.536,0.243,0.077,-6.21,16.03,0,0
2023-24,Jaden McDaniels,MIN,1630183,1610612750,68,1987.14,722,214,94,61,40,114.1,109.2,0.57,0.158,0.057,2.27,11.69,0,0
2023-24,Jaden Springer,BOS,1630531,1610612738,46,449.24,142,69,40,28,14,109.2,113.2,0.468,0.171,0.049,0.19,11.29,0,0
2023-24,Jae Crowder,MIL,203109,1610612749,47,1078.4,289,150,64,37,8,113.0,115.1,0.554,0.11,0.06,-1.45,11.55,0,0
2023-24,Jae'Sean Tate,HOU,1630256,1610612745,65,1031.46,265,197,64,42,15,110.1,105.0,0.538,0.115,0.059,5.24,10.92,0,0
2023-24,Jahmi'us Ramsey,TOR,1630186,1610612761,7,121.08,47,22,8,7,0,100.4,110.8,0.538,0.18,0.085,0.01,14.72,0,0
2023-24,Jaime Jaquez Jr.,MIA,1631170,1610612748,71,2008.34,842,271,179,74,17,112.6,110.5,0.572,0.181,0.083,3.53,14.7,0,0
2023-24,Jake LaRavia,MEM,1631222,1610612763,32,682.6,290,113,47,26,10,104.0,110.4,0.498,0.195,0.071,1.11,14.27,0,0
2023-24,Jakob Poeltl,TOR,1627751,1610612761,50,1319.11,555,429,127,35,76,113.6,114.2,0.653,0.16,0.117,3.91,16.84,0,0
2023-24,Jalen Brunson,NYK,1628973,1610612752,73,2576.1,2058,264,489,68,13,121.0,112.7,0.588,0.309,0.153,7.64,26.51,0,0
2023-24,Jalen Duren,DET,1631105,1610612765,59,1719.15,806,687,142,33,47,109.6,117.0,0.653,0.179,0.137,2.32,18.47,0,0
2023-24,Jalen Green,HOU,1630224,1610612745,78,2491.24,1554,402,281,65,28,114.0,113.9,0.544,0.271,0.112,-3.41,20.36,0,0
2023-24,Jalen Hood-Schifino,LAL,1641720,1610612747,21,108.98,34,13,8,3,2,88.9,111.9,0.316,0.242,-0.018,-0.58,8.37,0,0
2023-24,Jalen Johnson,ATL,1630552,1610612737,55,1865.15,883,480,200,66,47,113.6,115.1,0.581,0.185,0.116,-1.26,18.57,0,0
2023-24,Jalen McDaniels,TOR,1629667,1610612761,47,485.26,152,74,35,17,6,99.6,114.5,0.411,0.179,0.04,-1.75,10.9,0,0
2023-24,Jalen Pickett,DEN,1629618,1610612743,25,119.58,42,14,20,4,0,104.0,104.5,0.571,0.168,0.076,0.5,13.66,0,0
2023-24,Jalen Smith,IND,1630188,1610612754,58,1003.49,578,325,61,15,37,118.8,118.3,0.677,0.189,0.126,1.17,19.8,0,0
2023-24,Jalen Suggs,ORL,1630591,1610612753,71,1907.82,880,218,195,102,44,112.1,110.4,0.598,0.192,0.087,2.29,16.0,0,0
2023-24,Jalen Williams,OKC,1631114,1610612760,67,2124.26,1308,267,308,75,43,117.7,109.6,0.623,0.234,0.123,7.53,20.71,0,0
2023-24,Jalen Wilson,BKN,1630592,1610612751,40,580.25,192,109,42,9,2,112.1,114.1,0.557,0.136,0.076,0.61,12.75,0,0
2023-24,Jamal Cain,MIA,1631288,1610612748,23,255.01,97,36,10,10,5,106.6,108.6,0.544,0.161,0.068,0.8,13.19,0,0
2023-24,Jamal Murray,DEN,1627750,1610612743,55,1753.57,1146,225,366,52,34,119.6,112.3,0.579,0.269,0.134,3.33,22.99,0,0
2023-24,James Harden,LAC,201935,1610612746,71,2459.7,1188,369,609,77,57,120.7,115.2,0.614,0.202,0.131,5.25,20.41,0,0
2023-24,James Wiseman,DET,1630164,1610612765,59,976.74,405,297,47,10,36,104.9,118.4,0.655,0.158,0.096,-0.43,14.3,0,0
2023-24,Jarace Walker,IND,1641716,1610612754,31,328.37,112,58,39,14,11,117.8,115.7,0.514,0.153,0.074,-0.48,13.91,0,0
2023-24,Jared Butler,WAS,1630215,1610612764,37,484.07,210,49,106,25,7,107.1,109.7,0.579,0.193,0.103,1.04,15.51,0,0
2023-24,Jared Rhoden,DET,1631197,1610612765,13,153.87,46,20,11,3,7,105.9,113.8,0.554,0.135,0.056,-0.23,10.7,0,0
2023-24,Jaren Jackson Jr.,MEM,1628991,1610612763,66,2124.18,1486,365,154,80,106,106.6,113.9,0.553,0.302,0.111,-2.55,20.9,0,0
2023-24,Jarred Vanderbilt,LAL,1629020,1610612747,29,581.24,150,138,36,36,5,113.6,109.4,0.578,0.111,0.077,2.03,12.46,0,0
2023-24,Jarrett Allen,CLE,1628386,1610612739,74,2347.78,1212,781,200,51,78,115.1,110.4,0.66,0.191,0.149,13.41,20.39,0,0
2023-24,Javon Freeman-Liberty,TOR,1631241,1610612761,18,297.86,109,56,29,8,2,99.8,121.8,0.512,0.176,0.073,-1.65,13.28,0,0
2023-24,Javonte Green,CHI,1629750,1610612741,5,105.97,55,32,4,5,6,112.2,103.8,0.794,0.155,0.169,0.95,21.31,0,0
2023-24,Jaxson Hayes,LAL,1629637,1610612747,67,831.5,290,200,32,33,27,108.8,113.5,0.717,0.122,0.081,1.81,12.87,0,0
2023-24,Jaylen Brown,BOS,1627759,1610612738,68,2278.36,1581,375,245,79,35,121.1,111.3,0.584,0.283,0.118,3.85,22.28,0,0
2023-24,Jaylen Nowell,DET,1629669,1610612765,11,195.21,75,21,18,4,2,106.4,107.4,0.499,0.177,0.068,0.46,13.0,0,0
2023-24,Jaylin Williams,OKC,1631119,1610612760,65,839.23,249,216,102,25,26,114.7,110.0,0.545,0.133,0.091,2.37,14.68,0,0
2023-24,Jayson Tatum,BOS,1628369,1610612738,72,2575.99,1947,592,351,73,41,122.4,110.2,0.605,0.297,0.156,9.46,26.0,0,0
2023-24,Jeff Dowtin Jr.,PHI,1630288,1610612755,9,112.85,42,18,20,5,1,111.5,104.9,0.742,0.126,0.146,0.81,18.22,0,0
2023-24,Jeff Green,HOU,201145,1610612745,74,1239.6,476,165,64,15,30,109.5,112.9,0.586,0.151,0.073,0.33,12.76,0,0
2023-24,Jerami Grant,POR,203924,1610612757,54,1830.19,1132,191,152,45,34,107.8,117.5,0.573,0.255,0.1,-5.67,18.94,0,0
2023-24,Jeremiah Robinson-Earl,NOP,1630526,1610612740,35,320.73,108,73,21,10,4,108.4,107.9,0.565,0.142,0.09,1.31,13.71,0,0
2023-24,Jeremy Sochan,SAS,1631110,1610612759,74,2193.09,861,476,249,62,40,108.1,115.0,0.513,0.187,0.082,-1.69,14.26,0,0
2023-24,Jericho Sims,NYK,1630579,1610612752,44,561.82,90,143,24,8,18,108.0,110.1,0.707,0.06,0.077,2.61,9.51,0,0
2023-24,Jevon Carter,CHI,1628975,1610612741,68,923.92,329,55,79,33,14,108.9,108.2,0.492,0.166,0.052,0.55,12.53,0,0
2023-24,Jimmy Butler,MIA,202710,1610612748,56,1908.52,1180,298,275,74,17,116.5,110.6,0.623,0.238,0.145,9.84,22.28,0,0
2023-24,Jock Landale,HOU,1629111,1610612745,52,659.55,232,161,54,16,28,114.9,105.0,0.568,0.138,0.091,5.74,13.42,0,0
2023-24,Joe Harris,DET,203925,1610612765,16,169.98,39,13,10,3,2,104.9,119.4,0.489,0.104,0.022,-0.82,7.86,0,0
2023-24,Joe Ingles,ORL,204060,1610612753,64,1105.58,281,132,190,42,4,116.1,110.2,0.609,0.112,0.08,2.46,12.46,0,0
2023-24,Joel Embiid,PHI,203954,1610612755,37,1241.54,1284,406,204,43,63,119.8,110.3,0.644,0.388,0.224,8.03,33.59,0,0
2023-24,John Collins,UTA,1628381,1610612762,68,1901.06,1027,575,77,40,61,114.2,121.7,0.621,0.199,0.111,-6.21,18.45,0,0
2023-24,John Konchar,MEM,1629723,1610612763,55,1173.57,235,257,110,51,51,106.3,112.2,0.537,0.096,0.082,1.8,11.77,0,0
2023-24,Johnny Davis,WAS,1631098,1610612764,47,542.47,121,66,28,15,10,103.0,113.3,0.419,0.114,0.033,-0.77,8.75,0,0
2023-24,Johnny Juzang,UTA,1630548,1610612762,16,274.3,109,31,15,2,1,113.5,117.0,0.615,0.148,0.065,-0.68,12.71,0,0
2023-24,Jonas Valanciunas,NOP,202685,1610612740,78,1847.19,966,695,163,30,68,117.3,113.4,0.625,0.205,0.137,6.25,20.26,0,0
2023-24,Jonathan Isaac,ORL,1628371,1610612753,54,826.82,368,234,26,38,65,114.0,101.7,0.624,0.163,0.14,7.09,18.77,0,0
2023-24,Jonathan Kuminga,GSW,1630228,1610612744,71,1870.76,1161,343,152,51,35,115.0,112.0,0.6,0.239,0.111,2.2,19.19,0,0
2023-24,Jontay Porter,TOR,1629007,1610612761,26,359.74,115,82,60,20,20,105.8,115.0,0.514,0.155,0.093,0.32,15.46,0,0
2023-24,Jordan Clarkson,UTA,203903,1610612762,55,1682.34,942,188,277,35,6,113.9,119.7,0.521,0.255,0.09,-7.21,17.46,0,0
2023-24,Jordan Goodwin,MEM,1630692,1610612763,54,945.62,327,209,144,41,18,106.1,109.3,0.464,0.177,0.097,2.86,15.35,0,0
2023-24,Jordan Hawkins,NOP,1641722,1610612740,66,1158.25,524,148,70,19,7,113.6,114.0,0.536,0.188,0.068,-1.8,15.14,0,0
2023-24,Jordan McLaughlin,MIN,1629162,1610612750,52,567.5,180,68,100,32,7,110.5,101.0,0.633,0.121,0.109,4.97,15.9,0,0
2023-24,Jordan Nwora,TOR,1629670,1610612761,48,649.78,328,130,57,25,10,103.1,116.9,0.557,0.213,0.099,-2.03,17.12,0,0
2023-24,Jordan Poole,WAS,1629673,1610612764,77,2312.78,1332,209,337,85,25,108.3,119.3,0.529,0.256,0.076,-10.55,17.2,0,0
2023-24,Jose Alvarado,NOP,1630631,1610612740,52,930.45,367,118,107,56,15,117.2,105.5,0.538,0.172,0.084,3.66,15.84,0,0
2023-24,Josh Giddey,OKC,1630581,1610612760,77,1942.16,954,492,368,50,42,119.7,112.2,0.547,0.223,0.122,5.15,19.26,0,0
2023-24,Josh Green,DAL,1630182,1610612742,54,1436.42,458,174,125,45,9,118.3,118.9,0.604,0.129,0.065,-4.31,12.11,0,0
2023-24,Josh Hart,NYK,1628404,1610612752,77,2548.14,700,629,314,69,22,116.7,110.4,0.511,0.133,0.097,6.08,14.45,0,0
2023-24,Josh Okogie,PHX,1629006,1610612756,57,952.76,272,152,64,47,23,113.0,111.5,0.549,0.124,0.066,2.68,11.45,0,0
2023-24,Josh Richardson,MIA,1626196,1610612748,43,1102.83,425,121,105,24,14,108.7,113.7,0.573,0.159,0.08,-0.64,14.31,0,0
2023-24,Jrue Holiday,BOS,201950,1610612738,67,2202.8,841,361,327,59,50,121.3,110.5,0.6,0.161,0.099,6.93,16.0,0,0
2023-24,Jules Bernard,WAS,1631262,1610612764,17,117.12,55,17,13,2,1,110.2,105.6,0.504,0.186,0.074,0.55,14.87,0,0
2023-24,Julian Champagnie,SAS,1630577,1610612759,70,1351.29,457,192,94,45,41,109.5,114.3,0.565,0.138,0.068,-1.62,12.8,0,0
2023-24,Julian Phillips,CHI,1641763,1610612741,40,322.55,89,36,13,7,7,112.1,111.7,0.521,0.121,0.03,0.07,9.15,0,0
2023-24,Julian Strawther,DEN,1631124,1610612743,47,541.56,227,60,47,17,7,106.2,115.5,0.486,0.192,0.057,-1.99,14.62,0,0
2023-24,Julius Randle,NYK,203944,1610612752,46,1630.1,1102,423,229,25,12,119.7,113.8,0.569,0.287,0.134,1.47,22.48,0,0
2023-24,Justin Champagnie,WAS,1630551,1610612764,13,196.94,78,42,16,8,7,105.4,118.2,0.564,0.162,0.09,-0.15,14.58,0,0
2023-24,Justin Holiday,DEN,203200,1610612743,54,800.93,214,67,62,33,9,113.1,109.5,0.602,0.102,0.059,1.25,11.39,0,0
2023-24,Justin Minaya,POR,1631303,1610612757,30,264.36,45,38,13,8,10,102.6,105.2,0.42,0.096,0.038,1.14,7.68,0,0
2023-24,Jusuf Nurkic,PHX,203994,1610612756,73,1995.91,810,803,280,75,76,120.3,111.5,0.556,0.19,0.119,8.82,18.09,0,0
2023-24,KJ Martin,PHI,1630231,1610612755,60,746.5,224,131,51,22,12,110.7,110.5,0.563,0.127,0.058,1.52,11.21,0,0
2023-24,Karl-Anthony Towns,MIN,1626157,1610612750,60,1968.83,1328,504,179,43,40,116.5,108.5,0.628,0.269,0.142,7.22,21.82,0,0
2023-24,Kawhi Leonard,LAC,202695,1610612746,68,2330.04,1613,416,244,111,59,119.3,111.1,0.626,0.261,0.154,7.49,24.43,0,0
2023-24,Keegan Murray,SAC,1631099,1610612758,73,2444.77,1103,393,125,73,58,116.1,113.4,0.571,0.177,0.081,-0.76,15.71,0,0
2023-24,Keita Bates-Diop,BKN,1628966,1610612751,53,664.59,197,110,38,25,22,109.3,113.1,0.534,0.128,0.078,0.23,12.91,0,0
2023-24,Keldon Johnson,SAS,1629640,1610612759,69,2038.36,1084,377,195,51,20,108.5,116.1,0.565,0.212,0.098,-2.77,17.43,0,0
2023-24,Kelly Olynyk,TOR,203482,1610612761,75,1677.7,721,387,335,72,30,111.8,118.6,0.658,0.17,0.115,0.12,17.42,0,0
2023-24,Kelly Oubre Jr.,PHI,1626162,1610612755,65,1972.82,1003,324,99,77,42,114.0,114.5,0.537,0.219,0.08,-2.49,16.88,0,0
2023-24,Kenneth Lofton Jr.,UTA,1631254,1610612762,18,119.64,48,19,14,3,3,101.9,106.0,0.424,0.213,0.046,0.12,12.98,0,0
2023-24,Kenrich Williams,OKC,1629026,1610612760,65,972.37,308,196,82,37,9,115.8,107.6,0.576,0.129,0.078,4.63,13.57,0,0
2023-24,Kentavious Caldwell-Pope,DEN,203484,1610612743,72,2292.69,735,173,174,97,39,122.0,110.8,0.602,0.127,0.062,1.67,12.19,0,0
2023-24,Keon Ellis,SAC,1631165,1610612758,53,862.56,249,111,77,44,25,114.6,108.8,0.61,0.116,0.063,2.45,12.02,0,0
2023-24,Kessler Edwards,SAC,1630556,1610612758,52,262.14,93,41,14,9,4,98.6,106.0,0.547,0.137,0.075,1.01,13.76,0,0
2023-24,Kevin Durant,PHX,201142,1610612756,71,2634.24,1944,475,369,64,88,118.4,113.6,0.631,0.284,0.151,3.15,23.98,0,0
2023-24,Kevin Huerter,SAC,1628989,1610612758,64,1562.23,655,224,166,45,23,117.5,115.0,0.564,0.173,0.077,-1.87,15.56,0,0
2023-24,Kevin Knox II,DET,1628995,1610612765,31,560.23,223,75,23,13,7,109.4,117.2,0.57,0.157,0.062,-1.7,12.78,0,0
2023-24,Kevin Love,MIA,201567,1610612748,51,878.66,452,316,113,17,10,114.9,108.5,0.597,0.205,0.142,4.48,21.13,0,0
2023-24,Kevon Looney,GSW,1626172,1610612744,71,1150.26,315,404,131,26,23,115.2,114.8,0.618,0.108,0.1,4.01,14.25,0,0
2023-24,Keyonte George,UTA,1641718,1610612762,71,1911.19,909,202,316,34,7,109.6,119.1,0.53,0.222,0.081,-8.8,15.59,0,0
2023-24,Khris Middleton,MIL,203114,1610612749,52,1399.48,781,241,272,48,15,118.8,114.5,0.592,0.229,0.116,0.91,19.9,0,0
2023-24,Killian Hayes,DET,1630165,1610612765,42,1007.66,289,119,205,36,20,106.5,117.6,0.474,0.147,0.077,-2.87,13.42,0,0
2023-24,Kira Lewis Jr.,UTA,1630184,1610612762,27,236.37,76,23,34,8,2,100.0,108.8,0.43,0.176,0.064,0.3,11.99,0,0
2023-24,Klay Thompson,GSW,202691,1610612744,74,2193.65,1304,245,169,48,31,115.3,116.0,0.572,0.233,0.089,-6.8,18.36,0,0
2023-24,Kobe Brown,LAC,1641738,1610612746,40,307.65,69,50,17,6,3,110.4,119.2,0.508,0.1,0.038,-1.07,9.45,0,0
2023-24,Kobe Bufkin,ATL,1641723,1610612737,13,145.1,58,23,23,6,4,101.6,103.5,0.448,0.203,0.092,0.56,16.47,0,0
2023-24,Kris Dunn,UTA,1627739,1610612762,66,1249.18,357,189,254,68,28,117.6,117.2,0.546,0.132,0.078,-1.24,13.65,0,0
2023-24,Kris Murray,POR,1631200,1610612757,58,1180.23,329,190,74,50,17,106.5,111.7,0.484,0.136,0.06,0.47,11.35,0,0
2023-24,Kristaps Porzingis,BOS,204001,1610612738,56,1664.63,1131,401,114,42,109,121.2,109.4,0.649,0.247,0.138,7.7,23.28,0,0
2023-24,Kyle Anderson,MIN,203937,1610612750,75,1706.96,497,269,321,68,43,110.5,104.5,0.522,0.14,0.101,10.76,14.29,0,0
2023-24,Kyle Kuzma,WAS,1628398,1610612764,70,2281.14,1553,464,296,37,49,109.7,120.8,0.547,0.295,0.114,-11.26,20.63,0,0
2023-24,Kyle Lowry,PHI,200768,1610612755,58,1642.3,480,187,243,58,21,111.1,112.2,0.594,0.129,0.077,1.77,12.75,0,0
2023-24,Kyrie Irving,DAL,202681,1610612742,56,1955.24,1444,279,286,70,25,119.0,112.7,0.606,0.276,0.144,3.96,24.67,0,0
2023-24,LaMelo Ball,CHA,1630163,1610612766,22,711.35,526,113,176,40,4,111.8,120.2,0.561,0.315,0.133,-1.83,24.97,0,0
2023-24,Lamar Stevens,MEM,1630205,1610612763,37,521.72,256,121,25,22,18,104.9,104.0,0.516,0.214,0.111,2.49,17.46,0,0
2023-24,Landry Shamet,WAS,1629013,1610612764,46,726.5,327,62,54,25,10,109.3,119.2,0.556,0.181,0.058,-3.08,13.63,0,0
2023-24,Larry Nance Jr.,NOP,1626204,1610612740,59,1166.06,335,297,107,58,19,111.9,108.4,0.654,0.111,0.103,6.18,14.56,0,0
2023-24,Lauri Markkanen,UTA,1628374,1610612762,55,1819.75,1278,449,110,50,26,117.6,116.9,0.631,0.241,0.136,0.04,23.24,0,0
2023-24,LeBron James,LAL,2544,1610612747,68,2389.6,1724,491,556,80,37,117.4,113.4,0.627,0.284,0.166,7.89,25.2,0,0
2023-24,Leaky Black,CHA,1641778,1610612766,23,233.08,54,39,19,5,8,104.0,110.6,0.573,0.099,0.072,0.49,11.45,0,0
2023-24,Lester Quinones,GSW,1631311,1610612744,35,375.39,150,70,33,6,2,109.5,109.6,0.529,0.166,0.067,0.83,13.9,0,0
2023-24,Lindy Waters III,OKC,1630322,1610612760,35,249.82,110,37,20,5,6,103.0,110.8,0.612,0.159,0.091,0.5,15.98,0,0
2023-24,Lonnie Walker IV,BKN,1629022,1610612751,56,948.99,538,117,67,30,17,111.9,111.6,0.549,0.236,0.089,-1.18,18.4,0,0
2023-24,Luguentz Dort,OKC,1629652,1610612760,76,2176.33,826,279,106,66,47,119.5,112.3,0.591,0.151,0.059,1.09,12.87,0,0
2023-24,Luka Doncic,DAL,1629029,1610612742,68,2553.31,2302,626,667,99,37,119.5,114.2,0.617,0.354,0.2,12.04,30.7,0,0
2023-24,Luka Garza,MIN,1630568,1610612750,23,114.54,90,28,4,3,1,103.4,108.7,0.551,0.286,0.085,0.68,21.33,0,0
2023-24,Luka Samanic,UTA,1629677,1610612762,39,279.36,115,75,10,2,7,106.3,110.4,0.472,0.197,0.067,-0.15,14.03,0,0
2023-24,Luke Kennard,MEM,1628379,1610612763,39,999.05,429,113,136,20,2,106.4,115.2,0.641,0.166,0.099,-1.04,15.97,0,0
2023-24,Luke Kornet,BOS,1628436,1610612738,59,903.89,298,239,58,23,57,120.2,110.2,0.728,0.106,0.11,6.56,14.66,0,0
2023-24,Malachi Flynn,DET,1630201,1610612765,65,804.59,342,111,117,33,8,104.6,113.0,0.536,0.194,0.089,-0.42,15.46,0,0
2023-24,Malaki Branham,SAS,1631103,1610612759,73,1546.21,673,142,153,26,8,107.0,117.7,0.53,0.192,0.063,-6.64,13.14,0,0
2023-24,Malcolm Brogdon,POR,1627763,1610612757,39,1120.82,613,148,214,27,8,110.7,114.5,0.56,0.226,0.122,0.22,20.39,0,0
2023-24,Malik Beasley,MIL,1627736,1610612749,75,2237.34,855,279,105,58,9,118.8,112.4,0.606,0.142,0.065,-0.7,13.73,0,0
2023-24,Malik Monk,SAC,1628370,1610612758,72,1872.31,1110,212,370,45,39,115.1,115.0,0.564,0.247,0.11,-0.95,19.6,0,0
2023-24,Maozinha Pereira,MEM,1641970,1610612763,7,121.63,48,37,2,6,4,99.2,96.5,0.609,0.143,0.126,1.34,16.36,0,0
2023-24,MarJon Beauchamp,MIL,1630699,1610612749,46,592.96,197,96,30,12,6,113.6,114.5,0.582,0.138,0.06,-0.57,11.6,0,0
2023-24,Marcus Morris Sr.,CLE,202694,1610612739,48,798.18,309,131,36,15,13,110.4,114.6,0.563,0.161,0.074,-1.35,13.57,0,0
2023-24,Marcus Sasser,DET,1631204,1610612765,67,1227.88,515,116,216,41,10,107.8,116.9,0.537,0.189,0.083,-3.45,15.31,0,0
2023-24,Marcus Smart,MEM,203935,1610612763,20,604.84,289,53,86,41,5,108.5,109.2,0.552,0.225,0.083,0.19,15.9,0,0
2023-24,Mark Williams,CHA,1631109,1610612766,19,508.39,242,184,22,16,20,115.2,116.4,0.675,0.162,0.129,2.21,19.26,0,0
2023-24,Markelle Fultz,ORL,1628365,1610612753,39,835.87,305,129,113,39,13,109.6,107.6,0.489,0.18,0.086,3.2,14.33,0,0
2023-24,Markieff Morris,DAL,202693,1610612742,22,173.37,56,31,12,5,1,103.4,118.3,0.502,0.155,0.065,-0.78,12.47,0,0
2023-24,Marvin Bagley III,WAS,1628963,1610612764,50,1053.35,583,312,55,20,33,109.5,115.5,0.629,0.204,0.122,2.64,17.84,0,0
2023-24,Mason Plumlee,LAC,203486,1610612746,42,593.37,218,205,45,12,15,118.0,114.6,0.652,0.142,0.111,1.65,16.55,0,0
2023-24,Matisse Thybulle,POR,1629680,1610612757,65,1487.38,354,136,90,113,49,107.7,115.1,0.537,0.105,0.061,-3.15,11.39,0,0
2023-24,Matt Hurt,MEM,1630562,1610612763,8,113.24,32,16,4,3,3,98.7,104.8,0.453,0.134,0.054,0.56,9.99,0,0
2023-24,Matt Ryan,NOP,1630346,1610612740,26,385.98,152,39,17,6,1,108.6,106.5,0.638,0.146,0.062,1.05,12.39,0,0
2023-24,Max Christie,LAL,1631108,1610612747,65,940.47,282,141,60,20,17,109.3,110.5,0.542,0.132,0.062,0.3,11.75,0,0
2023-24,Max Strus,CLE,1629622,1610612739,67,2150.93,824,317,262,62,29,114.8,109.2,0.555,0.167,0.08,4.74,14.84,0,0
2023-24,Maxi Kleber,DAL,1628467,1610612742,40,820.5,171,132,64,17,26,116.9,111.3,0.542,0.096,0.051,0.93,9.77,0,0
2023-24,Micah Potter,UTA,1630695,1610612762,14,156.51,41,34,5,4,4,102.5,109.7,0.609,0.101,0.088,0.4,12.08,0,0
2023-24,Michael Porter Jr.,DEN,1629008,1610612743,77,2444.84,1300,544,116,41,50,119.7,112.0,0.606,0.201,0.107,1.14,18.73,0,0
2023-24,Mikal Bridges,BKN,1628969,1610612751,79,2782.57,1582,367,292,81,29,111.3,114.5,0.562,0.24,0.106,-2.54,19.09,0,0
2023-24,Mike Conley,MIN,201144,1610612750,72,2077.08,805,202,432,83,15,113.5,107.3,0.619,0.155,0.114,11.46,16.91,0,0
2023-24,Mike Muscala,OKC,203488,1610612760,49,562.2,155,115,35,9,13,106.6,114.6,0.481,0.134,0.053,-0.16,11.18,0,0
2023-24,Miles Bridges,CHA,1628970,1610612766,66,2500.37,1405,494,223,64,32,108.3,119.7,0.554,0.243,0.112,-10.13,19.61,0,0
2023-24,Miles McBride,NYK,1630540,1610612752,65,1269.94,546,96,105,49,7,110.3,109.6,0.599,0.164,0.082,2.76,15.4,0,0
2023-24,Mitchell Robinson,NYK,1629011,1610612752,27,701.21,153,249,18,34,33,116.6,114.4,0.535,0.1,0.083,3.42,12.08,0,0
2023-24,Mo Bamba,PHI,1628964,1610612755,54,717.4,247,231,41,22,57,107.5,111.1,0.574,0.151,0.097,2.59,14.82,0,0
2023-24,Monte Morris,MIN,1628420,1610612750,29,437.43,155,50,64,19,7,112.3,103.0,0.519,0.152,0.097,2.61,16.25,0,0
2023-24,Moritz Wagner,ORL,1629021,1610612753,76,1341.21,822,331,92,37,20,114.2,111.1,0.672,0.22,0.138,5.73,20.1,0,0
2023-24,Moses Brown,POR,1629650,1610612757,20,170.08,58,70,7,3,7,104.2,119.6,0.453,0.169,0.069,-0.06,13.62,0,0
2023-24,Moses Moody,GSW,1630541,1610612744,62,1096.94,507,189,52,40,24,113.4,111.0,0.577,0.176,0.087,1.75,15.68,0,0
2023-24,Myles Turner,IND,1626167,1610612754,74,2005.18,1249,511,94,39,138,120.1,115.4,0.621,0.233,0.114,-0.65,19.82,0,0
2023-24,Naji Marshall,NOP,1630230,1610612740,65,1253.57,464,239,128,49,12,115.3,106.7,0.574,0.158,0.092,5.2,15.14,0,0
2023-24,Nassir Little,PHX,1629642,1610612756,42,451.33,146,75,21,10,10,103.2,112.7,0.571,0.129,0.072,-0.04,12.45,0,0
2023-24,Nate Williams,HOU,1631466,1610612745,20,107.05,50,20,7,3,0,112.9,107.8,0.551,0.167,0.091,0.65,15.67,0,0
2023-24,Nathan Mensah,CHA,1641877,1610612766,25,306.64,33,65,9,6,14,94.9,114.5,0.496,0.068,0.007,0.27,4.45,0,0
2023-24,Naz Reid,MIN,1629675,1610612750,77,1876.95,1045,408,101,59,70,111.4,104.6,0.602,0.22,0.118,8.16,19.12,0,0
2023-24,Neemias Queta,BOS,1629674,1610612738,26,295.77,119,107,14,11,15,128.9,108.8,0.636,0.145,0.108,2.54,16.93,0,0
2023-24,Nic Claxton,BKN,1629651,1610612751,68,2026.92,812,675,139,46,139,108.7,114.2,0.631,0.156,0.129,4.29,17.56,0,0
2023-24,Nick Richards,CHA,1630208,1610612766,65,1719.89,637,530,52,25,74,106.5,118.3,0.714,0.131,0.108,0.82,15.09,0,0
2023-24,Nick Smith Jr.,CHA,1641733,1610612766,48,663.28,263,63,53,8,7,101.6,114.5,0.504,0.197,0.051,-1.67,12.22,0,0
2023-24,Nickeil Alexander-Walker,MIN,1629638,1610612750,78,1830.13,612,161,194,59,39,113.1,105.5,0.581,0.14,0.07,7.46,12.62,0,0
2023-24,Nicolas Batum,PHI,201587,1610612755,57,1450.29,313,236,121,46,37,117.8,112.4,0.62,0.086,0.067,2.22,10.99,0,0
2023-24,Nikola Jokic,DEN,203999,1610612743,75,2594.72,1979,930,677,96,66,122.0,110.5,0.646,0.29,0.212,24.32,29.79,0,0
2023-24,Nikola Jovic,MIA,1631107,1610612748,42,790.3,298,171,82,22,14,117.1,107.4,0.578,0.167,0.088,2.51,15.69,0,0
2023-24,Nikola Vucevic,CHI,202696,1610612741,73,2491.43,1288,774,246,48,58,112.2,115.7,0.532,0.234,0.125,0.82,19.95,0,0
2023-24,Noah Clowney,BKN,1641730,1610612751,20,262.44,98,65,13,6,8,105.3,110.4,0.62,0.139,0.103,0.93,14.82,0,0
2023-24,Norman Powell,LAC,1626181,1610612746,74,1942.28,1042,189,80,43,22,118.2,113.3,0.632,0.194,0.089,-1.57,17.15,0,0
2023-24,OG Anunoby,NYK,1628384,1610612752,46,1564.68,671,194,101,63,33,117.7,107.2,0.595,0.171,0.082,4.42,15.4,0,0
2023-24,Obi Toppin,IND,1630167,1610612754,79,1680.37,803,310,117,43,41,119.9,116.6,0.677,0.157,0.099,-0.88,16.34,0,0
2023-24,Ochai Agbaji,TOR,1630534,1610612761,74,1520.26,429,205,77,44,39,110.3,116.8,0.502,0.132,0.047,-4.44,10.07,0,0
2023-24,Olivier-Maxence Prosper,DAL,1641765,1610612742,36,264.08,83,64,20,5,3,102.6,112.7,0.461,0.142,0.074,0.46,13.65,0,0
2023-24,Omer Yurtseven,UTA,1630209,1610612762,44,446.32,177,164,22,6,18,103.4,116.8,0.572,0.168,0.102,0.27,14.66,0,0
2023-24,Onuralp Bitim,CHI,1641931,1610612741,21,240.84,74,30,13,3,2,106.6,113.8,0.502,0.141,0.048,-0.41,11.04,0,0
2023-24,Onyeka Okongwu,ATL,1630168,1610612737,55,1404.74,561,376,74,26,60,118.1,119.0,0.674,0.134,0.094,0.52,15.01,0,0
2023-24,Orlando Robinson,MIA,1631115,1610612748,33,299.61,99,84,34,7,8,114.3,109.4,0.596,0.145,0.098,1.6,14.42,0,0
2023-24,Oshae Brissett,BOS,1629052,1610612738,52,592.88,187,145,41,17,5,118.4,105.8,0.553,0.129,0.077,4.2,13.64,0,0
2023-24,Otto Porter Jr.,TOR,203490,1610612761,15,174.07,39,29,8,5,5,112.2,107.5,0.568,0.083,0.054,0.56,10.42,0,0
2023-24,Ousmane Dieng,OKC,1631172,1610612760,31,341.62,120,50,33,5,3,110.3,109.5,0.54,0.16,0.072,0.63,12.88,0,0
2023-24,P.J. Tucker,LAC,200782,1610612746,28,434.36,42,75,15,14,7,110.6,113.2,0.463,0.053,0.025,0.27,6.44,0,0
2023-24,P.J. Washington,DAL,1629023,1610612742,70,2142.9,917,395,135,68,58,112.5,115.7,0.541,0.185,0.08,-3.97,15.32,0,0
2023-24,Paolo Banchero,ORL,1631094,1610612753,76,2653.28,1715,515,405,70,46,112.2,111.6,0.549,0.291,0.134,4.02,21.54,0,0
2023-24,Pascal Siakam,IND,1627783,1610612754,77,2573.8,1674,544,337,62,23,116.9,115.2,0.599,0.25,0.132,3.35,21.39,0,0
2023-24,Pat Connaughton,MIL,1626192,1610612749,72,1601.85,411,232,154,38,19,115.4,115.8,0.582,0.105,0.067,-1.34,11.52,0,0
2023-24,Patrick Baldwin Jr.,WAS,1631116,1610612764,35,381.12,118,98,21,13,13,105.1,107.0,0.447,0.156,0.061,0.67,12.69,0,0
2023-24,Patrick Beverley,MIL,201976,1610612749,69,1356.09,410,213,194,40,31,110.4,112.4,0.526,0.142,0.081,1.58,13.09,0,0
2023-24,Patrick Williams,CHI,1630172,1610612741,43,1174.08,429,166,66,40,33,114.3,115.5,0.553,0.163,0.066,-2.19,13.1,0,0
2023-24,Patty Mills,MIA,201988,1610612748,30,396.08,120,34,33,20,1,111.6,108.1,0.469,0.151,0.045,0.47,11.63,0,0
2023-24,Paul George,LAC,202331,1610612746,72,2454.33,1638,380,256,111,35,121.2,112.4,0.611,0.264,0.126,2.43,22.79,0,0
2023-24,Paul Reed,PHI,1630194,1610612755,79,1532.38,573,467,105,64,81,116.6,112.3,0.58,0.155,0.102,6.25,15.89,0,0
2023-24,Payton Pritchard,BOS,1630202,1610612738,78,1706.68,696,247,249,37,6,122.2,109.1,0.587,0.162,0.097,7.18,16.47,0,0
2023-24,Peyton Watson,DEN,1631212,1610612743,76,1394.72,507,236,77,40,79,109.2,110.0,0.542,0.162,0.075,1.45,13.45,0,0
2023-24,Precious Achiuwa,NYK,1630173,1610612752,71,1581.65,554,474,95,46,66,111.4,112.4,0.546,0.159,0.095,4.96,14.78,0,0
2023-24,Quentin Grimes,DET,1629656,1610612765,51,1024.94,359,100,66,35,7,108.1,109.1,0.516,0.155,0.059,0.7,12.6,0,0
2023-24,RJ Barrett,TOR,1629628,1610612761,56,1772.77,1112,300,186,30,22,113.7,116.6,0.576,0.255,0.106,-4.2,19.34,0,0
2023-24,Rayan Rupert,POR,1641712,1610612757,35,504.96,132,76,48,11,3,104.2,114.0,0.481,0.132,0.047,-0.67,10.3,0,0
2023-24,Reggie Bullock Jr.,HOU,203493,1610612745,40,389.97,96,69,14,10,4,109.0,113.4,0.597,0.095,0.064,-0.44,11.4,0,0
2023-24,Reggie Jackson,DEN,202704,1610612743,78,1729.84,798,148,296,41,11,112.4,110.8,0.527,0.208,0.083,1.71,15.95,0,0
2023-24,Richaun Holmes,WAS,1626158,1610612764,40,554.11,199,182,25,11,19,108.1,115.8,0.593,0.141,0.091,1.24,13.61,0,0
2023-24,Ricky Council IV,PHI,1641741,1610612755,29,269.56,167,43,15,7,1,113.6,110.9,0.608,0.214,0.116,1.03,20.74,0,0
2023-24,Robert Covington,PHI,203496,1610612755,29,488.42,127,97,24,39,18,115.6,103.6,0.58,0.104,0.079,3.32,13.45,0,0
2023-24,Robert Williams III,POR,1629057,1610612757,6,118.75,41,38,5,7,7,101.6,114.9,0.684,0.122,0.113,0.17,15.75,0,0
2023-24,Royce O'Neale,PHX,1626220,1610612756,75,1844.26,573,354,205,54,42,113.3,110.6,0.55,0.134,0.08,2.89,14.04,0,0
2023-24,Rudy Gobert,MIN,203497,1610612750,72,2447.08,983,925,95,45,151,114.7,105.9,0.668,0.152,0.134,18.64,17.38,0,0
2023-24,Rui Hachimura,LAL,1629060,1610612747,65,1731.19,878,271,74,37,23,116.2,113.1,0.631,0.182,0.094,0.39,16.78,0,0
2023-24,Russell Westbrook,LAC,201566,1610612746,66,1480.13,734,328,291,72,23,116.7,113.3,0.516,0.239,0.113,2.11,19.28,0,0
2023-24,Saben Lee,PHX,1630240,1610612756,22,179.19,69,31,30,7,3,105.5,100.5,0.485,0.19,0.102,1.55,16.23,0,0
2023-24,Saddiq Bey,ATL,1630180,1610612737,63,2061.66,863,411,92,51,11,118.6,119.1,0.549,0.163,0.079,-3.74,14.92,0,0
2023-24,Sam Hauser,BOS,1630573,1610612738,75,1625.03,657,258,73,36,23,120.5,107.5,0.641,0.142,0.086,5.07,15.64,0,0
2023-24,Sam Merrill,CLE,1630241,1610612739,61,1068.92,485,120,108,19,4,110.8,111.1,0.598,0.17,0.09,1.6,16.72,0,0
2023-24,Sandro Mamukelashvili,SAS,1630572,1610612759,42,342.64,140,100,40,7,10,110.1,102.8,0.558,0.161,0.114,3.17,16.57,0,0
2023-24,Santi Aldama,MEM,1630583,1610612763,61,1618.06,654,352,138,43,54,106.2,114.6,0.539,0.177,0.1,-1.74,16.02,0,0
2023-24,Sasha Vezenkov,SAC,1628426,1610612758,40,489.55,220,93,19,19,7,114.0,112.4,0.577,0.172,0.087,0.57,16.11,0,0
2023-24,Scoot Henderson,POR,1630703,1610612757,59,1651.56,801,183,302,44,12,107.1,119.6,0.488,0.257,0.064,-8.72,14.83,0,0
2023-24,Scottie Barnes,TOR,1630567,1610612761,60,2094.25,1191,494,363,75,88,112.6,115.8,0.566,0.24,0.132,1.55,20.71,0,0
2023-24,Scotty Pippen Jr.,MEM,1630590,1610612763,17,404.29,196,48,74,26,9,103.4,113.9,0.617,0.215,0.101,0.13,16.61,0,0
2023-24,Seth Curry,CHA,203552,1610612766,44,615.41,226,68,44,22,6,110.6,107.5,0.519,0.159,0.067,1.46,13.48,0,0
2023-24,Shaedon Sharpe,POR,1631101,1610612757,32,1059.02,510,160,94,28,12,105.8,116.0,0.524,0.22,0.08,-2.71,15.67,0,0
2023-24,Shai Gilgeous-Alexander,OKC,1628983,1610612760,71,2443.97,2150,394,447,148,64,120.9,110.5,0.638,0.316,0.187,15.14,29.65,0,0
2023-24,Shake Milton,NYK,1629003,1610612752,48,581.16,216,75,60,19,6,104.6,109.4,0.499,0.173,0.065,0.53,13.81,0,0
2023-24,Simone Fontecchio,DET,1631323,1610612765,66,1643.89,692,246,101,44,23,113.0,114.5,0.6,0.159,0.077,-1.38,14.53,0,0
2023-24,Skylar Mays,LAL,1630219,1610612747,36,429.7,155,43,84,21,4,104.1,114.4,0.468,0.179,0.089,-0.29,14.91,0,0
2023-24,Spencer Dinwiddie,LAL,203915,1610612747,73,2096.72,773,199,354,51,22,116.8,114.9,0.538,0.162,0.076,-0.58,14.23,0,0
2023-24,Stanley Umude,DET,1630649,1610612765,24,307.12,127,51,11,8,7,104.1,113.8,0.647,0.15,0.072,-0.11,13.89,0,0
2023-24,Stephen Curry,GSW,201939,1610612744,71,2320.46,1878,312,358,51,24,117.4,114.9,0.614,0.302,0.139,-0.23,24.93,0,0
2023-24,Svi Mykhailiuk,BOS,1629004,1610612738,37,322.72,114,40,27,10,0,118.5,102.7,0.532,0.152,0.07,1.76,13.9,0,0
2023-24,T.J. McConnell,IND,204456,1610612754,68,1235.39,677,183,368,70,8,118.2,114.7,0.581,0.226,0.151,2.18,21.5,0,0
2023-24,T.J. Warren,MIN,203933,1610612750,10,123.49,41,22,9,4,1,115.9,96.3,0.479,0.15,0.068,1.07,13.21,0,0
2023-24,Taj Gibson,DET,201959,1610612765,18,185.14,24,30,9,3,6,103.6,108.4,0.416,0.081,0.015,0.45,5.77,0,0
2023-24,Talen Horton-Tucker,UTA,1629659,1610612762,48,918.78,464,112,166,44,16,112.2,118.2,0.502,0.231,0.091,-3.15,18.12,0,0
2023-24,Tari Eason,HOU,1631106,1610612745,22,480.1,215,153,27,31,19,112.6,103.1,0.528,0.188,0.131,3.42,18.71,0,0
2023-24,Taurean Prince,LAL,1627752,1610612747,75,2044.6,677,224,118,56,35,113.7,116.6,0.583,0.134,0.056,-6.61,11.84,0,0
2023-24,Taylor Hendricks,UTA,1641707,1610612762,36,751.9,261,163,24,21,27,109.3,118.3,0.57,0.14,0.069,-2.22,13.24,0,0
2023-24,Terance Mann,LAC,1629611,1610612746,71,1794.06,609,234,116,42,15,117.3,115.6,0.604,0.133,0.067,-0.51,12.53,0,0
2023-24,Terry Rozier,MIA,1626179,1610612748,61,2040.38,1205,247,342,63,21,110.2,117.2,0.555,0.253,0.117,-3.06,21.11,0,0
2023-24,Terry Taylor,CHI,1630678,1610612741,31,187.63,46,37,10,5,2,107.1,104.4,0.558,0.108,0.061,1.3,10.07,0,0
2023-24,Thaddeus Young,PHX,201152,1610612756,30,409.9,132,98,55,21,5,115.8,118.4,0.605,0.126,0.097,0.6,15.12,0,0
2023-24,Thanasis Antetokounmpo,MIL,203648,1610612749,30,137.42,26,13,14,5,4,100.0,111.0,0.484,0.122,0.012,0.1,4.82,0,0
2023-24,Theo Maledon,PHX,1630177,1610612756,17,213.2,59,24,28,7,0,107.8,121.6,0.385,0.173,0.029,-1.64,9.77,0,0
2023-24,Thomas Bryant,MIA,1628418,1610612748,37,417.97,199,131,22,10,15,112.4,111.3,0.627,0.185,0.118,1.67,18.28,0,0
2023-24,Tim Hardaway Jr.,DAL,203501,1610612742,75,2044.0,1108,245,132,39,6,116.1,115.8,0.545,0.22,0.084,-5.75,17.7,0,0
2023-24,Tobias Harris,PHI,202699,1610612755,67,2271.76,1154,427,208,67,42,117.1,113.3,0.575,0.204,0.115,0.85,18.96,0,0
2023-24,Torrey Craig,CHI,1628470,1610612741,49,973.14,283,193,53,27,19,109.9,118.3,0.565,0.122,0.063,-1.61,12.12,0,0
2023-24,Tosan Evbuomwan,DET,1641787,1610612765,17,366.58,101,60,16,6,5,103.6,119.2,0.616,0.108,0.064,-0.91,10.7,0,0
2023-24,Toumani Camara,POR,1641739,1610612757,70,1739.32,527,343,87,66,33,106.9,111.5,0.547,0.134,0.065,3.08,11.59,0,0
2023-24,Trae Young,ATL,1629027,1610612737,51,1861.78,1344,140,553,70,11,116.3,118.9,0.581,0.292,0.132,-1.85,23.73,0,0
2023-24,Trayce Jackson-Davis,GSW,1631218,1610612744,64,1036.12,505,315,75,27,69,114.5,113.1,0.693,0.16,0.129,4.71,18.11,0,0
2023-24,Tre Jones,SAS,1630200,1610612759,73,2015.41,725,264,451,73,8,110.9,112.5,0.601,0.147,0.109,4.88,15.68,0,0
2023-24,Tre Mann,CHA,1630544,1610612766,37,860.33,325,134,138,42,3,105.1,112.4,0.562,0.181,0.104,0.34,16.18,0,0
2023-24,Trendon Watford,BKN,1630570,1610612751,60,765.17,395,166,68,22,18,110.1,113.9,0.619,0.203,0.107,0.82,17.22,0,0
2023-24,Trent Forrest,ATL,1630235,1610612737,36,387.76,77,46,85,10,3,105.0,114.4,0.418,0.123,0.068,-0.09,11.01,0,0
2023-24,Trevelin Queen,ORL,1630243,1610612753,13,163.11,40,19,18,7,5,108.2,108.3,0.462,0.138,0.058,0.27,11.04,0,0
2023-24,Trey Jemison,MEM,1641998,1610612763,21,434.3,141,100,19,8,21,106.2,113.0,0.612,0.14,0.068,1.19,10.21,0,0
2023-24,Trey Lyles,SAC,1626168,1610612758,54,1088.07,402,239,66,15,18,118.2,111.2,0.602,0.14,0.085,2.02,14.35,0,0
2023-24,Trey Murphy III,NOP,1630530,1610612740,53,1533.72,749,256,113,46,27,114.8,108.2,0.596,0.183,0.107,4.75,18.56,0,0
2023-24,Tristan Thompson,CLE,202684,1610612739,48,537.03,155,171,51,12,14,114.6,113.0,0.578,0.129,0.092,2.32,12.94,0,0
2023-24,Tristan Vukcevic,WAS,1641774,1610612764,9,131.16,66,35,12,4,6,108.1,100.0,0.535,0.216,0.096,0.94,17.44,0,0
2023-24,Troy Brown Jr.,DET,1628972,1610612765,55,731.66,237,129,54,18,2,107.2,114.4,0.538,0.144,0.074,-0.9,13.06,0,0
2023-24,Tyler Herro,MIA,1629639,1610612748,38,1265.42,787,201,165,29,3,112.3,112.5,0.552,0.268,0.117,-0.84,21.29,0,0
2023-24,Tyrese Haliburton,IND,1630169,1610612754,66,2131.55,1328,258,722,77,46,121.8,116.1,0.602,0.239,0.157,6.46,24.48,0,0
2023-24,Tyrese Maxey,PHI,1630178,1610612755,68,2556.76,1762,253,427,68,32,118.4,113.5,0.571,0.272,0.128,3.9,23.48,0,0
2023-24,Tyus Jones,WAS,1626145,1610612764,66,1932.67,790,179,485,71,18,110.6,122.5,0.578,0.161,0.111,-5.99,17.8,0,0
2023-24,Udoka Azubuike,PHX,1628962,1610612756,16,112.83,35,32,3,1,6,105.4,126.5,0.609,0.121,0.062,-0.58,11.57,0,0
2023-24,Vasilije Micic,CHA,203995,1610612766,56,1101.95,406,82,246,29,6,113.0,113.3,0.534,0.189,0.082,-0.01,14.04,0,0
2023-24,Victor Wembanyama,SAS,1641705,1610612759,69,2038.87,1470,736,263,87,245,107.8,111.2,0.566,0.311,0.162,3.59,23.67,0,0
2023-24,Vince Williams Jr.,MEM,1631246,1610612763,52,1436.53,521,290,175,47,34,108.4,111.4,0.597,0.155,0.096,2.39,14.78,0,0
2023-24,Vit Krejci,ATL,1630249,1610612737,18,446.3,111,39,40,9,6,119.1,118.2,0.68,0.089,0.051,-1.17,9.59,0,0
2023-24,Walker Kessler,UTA,1631117,1610612762,64,1493.11,518,481,60,30,154,111.4,116.0,0.663,0.127,0.109,1.87,14.87,0,0
2023-24,Wendell Carter Jr.,ORL,1628976,1610612753,51,1344.39,576,370,93,34,28,110.4,109.2,0.625,0.171,0.116,5.93,16.84,0,0
2023-24,Wesley Matthews,ATL,202083,1610612737,35,408.17,108,53,22,15,11,109.3,114.8,0.506,0.118,0.046,-0.77,10.84,0,0
2023-24,Xavier Tillman,BOS,1630214,1610612738,50,930.96,265,207,73,48,42,107.3,109.5,0.464,0.145,0.078,2.69,13.44,0,0
2023-24,Yuta Watanabe,MEM,1629139,1610612763,34,464.37,117,54,15,12,7,107.4,114.7,0.474,0.129,0.03,-1.45,8.79,0,0
2023-24,Zach Collins,SAS,1628380,1610612759,65,1444.01,719,341,184,31,48,105.7,117.2,0.561,0.221,0.09,-1.66,15.72,0,0
2023-24,Zach LaVine,CHI,203897,1610612741,25,871.86,487,129,98,21,8,109.9,115.3,0.578,0.238,0.11,-1.61,19.48,0,0
2023-24,Zeke Nnaji,DEN,1630192,1610612743,54,535.76,174,116,31,14,37,102.9,114.9,0.527,0.153,0.064,0.82,11.14,0,0
2023-24,Ziaire Williams,MEM,1630533,1610612763,51,1037.68,420,180,75,36,9,102.5,112.4,0.511,0.192,0.074,-1.27,14.12,0,0
2023-24,Zion Williamson,NOP,1629627,1610612740,66,2071.9,1510,384,332,64,44,114.2,111.6,0.618,0.283,0.146,8.15,23.18,0,0
